{"rules":[{"enabled":true,"action":"disallow","rule_type":"client_name","rule_value":"trafficconsume","comment":"恶意刷流程序"},{"enabled":true,"action":"disallow","rule_type":"peer_id_prefix","rule_value":"-HP???","comment":"恶意刷流程序"},{"enabled":true,"action":"disallow","rule_type":"peer_id_prefix","rule_value":"-XM???","comment":"恶意刷流程序"},{"enabled":true,"action":"disallow","rule_type":"peer_id_prefix","rule_value":"-DT???","comment":"恶意刷流程序"},{"enabled":true,"action":"disallow","rule_type":"client_name","rule_value":"Gopeed dev","comment":"被恶意改造的正常客户端"},{"enabled":true,"action":"disallow","rule_type":"client_name","rule_value":"rain 0.0.0","comment":"被恶意改造的正常客户端"},{"enabled":true,"action":"disallow","rule_type":"client_name","rule_value":"taipei-torrent","comment":"被恶意改造的正常客户端-过时客户端"},{"enabled":true,"action":"disallow","rule_type":"peer_listen_port","rule_value":"15001","comment":"迅雷吸血特征-端口"},{"enabled":true,"action":"disallow","rule_type":"peer_listen_port","rule_value":"15000","comment":"迅雷吸血特征-端口"},{"enabled":true,"action":"disallow","rule_type":"peer_id_prefix","rule_value":"-XL0018","comment":"迅雷吸血特征-peeID"},{"enabled":true,"action":"disallow","rule_type":"client_name","rule_value":"Xfplay","comment":"磁力播放器-影音先锋"},{"enabled":true,"action":"disallow","rule_type":"client_name","rule_value":"StellarPlayer","comment":"磁力播放器-恒星播放器"},{"enabled":true,"action":"disallow","rule_type":"client_name","rule_value":"dandanplay","comment":"磁力播放器-弹弹PLAY"},{"enabled":true,"action":"allow","rule_type":"default","rule_value":"","comment":""}]}